securityId,time,signal_value
GBAJI0Y6DPB3,08:00,-0.282
FRSAHXTHV3A2,08:00,-0.1228
AUMF8MDD4V37,08:00,0.9023
NLE7CKW5NGC3,08:00,0.8321
JP945NQ4FMY1,08:00,0.1817
SEWTIQJ7YHL0,08:00,-0.043
FR32OC6UZHR7,08:00,-0.629
DEJIUJV6OH98,08:00,-0.5666
CHDBDW2PCN98,08:00,-0.9897
JP84AZYTJXE6,08:00,-0.2196
DEQ85JSG65K8,08:00,-0.5616
SEHNF877VRE5,08:00,0.1954
JPIIUC039TE7,08:00,0.3156
NLFSV871YZO5,08:00,0.3273
CH6QICATVAZ0,08:00,-0.3272
FRCBLSKRT059,08:00,0.2791
CHIRODXMO5B1,08:00,-0.2444
USOM5IGQPKI1,08:00,-0.8539
CH34DXTAD1I6,08:00,0.7443
CHR56FAO72K8,08:00,-0.2256
CHFK8UT0CVS8,08:00,-0.6416
DECS4CC5O7U9,08:00,0.4959
SEBCXULJYLJ2,08:00,-0.7837
JPQ77AWUDTS2,08:00,0.3081
CA55NF4ZW9X0,08:00,1.0
NLKX7EEDTJV5,08:00,-0.7445
FRY4SJ6BW3B5,08:00,1.0
DEWJ0TPAC568,08:00,-0.2474
US4UFEL62463,08:00,0.1449
FRYMU5907IF2,08:00,-1.0
AUA0L7253J21,08:00,0.137
AU54I3QK2IA3,08:00,0.0583
AUL58KXO9T71,08:00,0.3546
JPG8JDP0LVS6,08:00,-0.4189
SEGBPS3Y70H6,08:00,-0.3366
GB87WXE6SYL4,08:00,0.0379
NLEP7Y6WKTA4,08:00,0.4161
FRPUXQPHR622,08:00,0.9062
GBKXWD8IL3F0,08:00,0.7766
FR9W1Q5UZNO2,08:00,-0.8797
US6452H2ZQU1,08:00,0.2203
CHEQTUL1P366,08:00,-0.9738
NLQF5Q14J1R3,08:00,-0.5135
JPPZIM6CFNF3,08:00,0.2927
GBOLQC3O18A9,08:00,-0.5647
AUR7KO64T023,08:00,-0.4024
CHHPBMYOFQE9,08:00,-0.8421
NLAOUAXEQBN3,08:00,-0.9242
CHL1N13JCAT5,08:00,-0.9385
FRX2X18HAFE1,08:00,-0.4409
SE8QJNV8Z2F4,08:00,0.9522
GBU7U6N7HV33,08:00,0.2044
GBZKY22UBTX1,08:00,-0.4041
NLXAPRPN6QF2,08:00,-0.3565
NL8J3TRP0J41,08:00,0.265
JP5IQVNB4GH4,08:00,0.9054
CAKV5USGIOT3,08:00,0.711
CHXR2DHYLUR8,08:00,1.0
CAP0LZJJEGE8,08:00,0.3651
DEG0JV1V93K5,08:00,0.8483
DEKZEBBK7W11,08:00,-0.1793
USUQPGB7R3O1,08:00,-0.6237
SEWBFUK9E1V9,08:00,-1.0
FR1N6KVPUC81,08:00,-0.5204
FRWJCITFOYQ0,08:00,0.3662
FRKK4CIJ2V23,08:00,0.5209
AUEIFJFC2V34,08:00,-0.7632
CHEYZ7SRCBP5,08:00,-0.1229
SEJD84U89YJ0,08:00,-0.6926
DEQX6GVWRDM5,08:00,0.313
CAY4LYK83TQ5,08:00,-0.9717
JPL8OS9XTOG5,08:00,-0.486
SE1W1HT7PZE9,08:00,-0.5816
FRZLAOI4E8X2,08:00,-0.5286
CH7KZORQQFG9,08:00,0.3033
NL0EC14M2JA4,08:00,0.9676
SEUX5QRL1N73,08:00,0.6222
FRUI1B0Z3NX2,08:00,0.6323
CH8E8LD4D6A2,08:00,0.5363
AU58C2JWOCL8,08:00,-1.0
AU8W5RTWIYK3,08:00,-0.2529
GBPDW5PY6B24,08:00,1.0
CANFTU2GC5W3,08:00,0.1016
CH6FQJJA26Y2,08:00,0.5512
GBPMVXPJ4HN7,08:00,0.4607
GBIUU9K9XJU0,08:00,-0.5227
SE0361I2HGJ2,08:00,-0.7172
GB6XLPU0DK02,08:00,-0.9167
FRET8T63J3R4,08:00,-0.073
CA2QC1IYYO48,08:00,-0.6192
CADOJEN0JNW5,08:00,-0.1784
GBYQW7LVXWQ4,08:00,-0.1965
AUEBB9EITNN8,08:00,0.284
AUV05X4W7KY3,08:00,0.5546
CHQIN9N6XCJ1,08:00,-0.3591
CHDHX8BM92H8,08:00,0.0353
FRV3I12VJ998,08:00,-0.8629
JP2D5EM2VAJ2,08:00,0.802
AUS0R2SDS8B8,08:00,-0.5216
JPQ8CROYR6C1,08:00,-0.5836
GBAJI0Y6DPB3,09:00,-0.3784
FRSAHXTHV3A2,09:00,-0.2077
AUMF8MDD4V37,09:00,0.9847
NLE7CKW5NGC3,09:00,0.9752
JP945NQ4FMY1,09:00,0.0387
SEWTIQJ7YHL0,09:00,0.0432
FR32OC6UZHR7,09:00,-0.5991
DEJIUJV6OH98,09:00,-0.4854
CHDBDW2PCN98,09:00,-1.0
JP84AZYTJXE6,09:00,-0.2762
DEQ85JSG65K8,09:00,-0.4862
SEHNF877VRE5,09:00,0.1225
JPIIUC039TE7,09:00,0.2795
NLFSV871YZO5,09:00,0.4002
CH6QICATVAZ0,09:00,-0.253
FRCBLSKRT059,09:00,0.3586
CHIRODXMO5B1,09:00,-0.1099
USOM5IGQPKI1,09:00,-0.8699
CH34DXTAD1I6,09:00,0.8423
CHR56FAO72K8,09:00,-0.2767
CHFK8UT0CVS8,09:00,-0.7773
DECS4CC5O7U9,09:00,0.3974
SEBCXULJYLJ2,09:00,-0.7163
JPQ77AWUDTS2,09:00,0.3415
CA55NF4ZW9X0,09:00,0.8538
NLKX7EEDTJV5,09:00,-0.6318
FRY4SJ6BW3B5,09:00,1.0
DEWJ0TPAC568,09:00,-0.387
US4UFEL62463,09:00,0.0633
FRYMU5907IF2,09:00,-0.8798
AUA0L7253J21,09:00,0.28
AU54I3QK2IA3,09:00,0.1647
AUL58KXO9T71,09:00,0.356
JPG8JDP0LVS6,09:00,-0.4686
SEGBPS3Y70H6,09:00,-0.4101
GB87WXE6SYL4,09:00,-0.104
NLEP7Y6WKTA4,09:00,0.3188
FRPUXQPHR622,09:00,0.8834
GBKXWD8IL3F0,09:00,0.7244
FR9W1Q5UZNO2,09:00,-0.8084
US6452H2ZQU1,09:00,0.3318
CHEQTUL1P366,09:00,-0.9549
NLQF5Q14J1R3,09:00,-0.3655
JPPZIM6CFNF3,09:00,0.3953
GBOLQC3O18A9,09:00,-0.4901
AUR7KO64T023,09:00,-0.4023
CHHPBMYOFQE9,09:00,-0.7577
NLAOUAXEQBN3,09:00,-0.7942
CHL1N13JCAT5,09:00,-1.0
FRX2X18HAFE1,09:00,-0.4934
SE8QJNV8Z2F4,09:00,0.9694
GBU7U6N7HV33,09:00,0.2218
GBZKY22UBTX1,09:00,-0.5068
NLXAPRPN6QF2,09:00,-0.212
NL8J3TRP0J41,09:00,0.395
JP5IQVNB4GH4,09:00,0.9159
CAKV5USGIOT3,09:00,0.7564
CHXR2DHYLUR8,09:00,1.0
CAP0LZJJEGE8,09:00,0.364
DEG0JV1V93K5,09:00,0.7849
DEKZEBBK7W11,09:00,-0.1
USUQPGB7R3O1,09:00,-0.5707
SEWBFUK9E1V9,09:00,-0.8573
FR1N6KVPUC81,09:00,-0.55
FRWJCITFOYQ0,09:00,0.3863
FRKK4CIJ2V23,09:00,0.6028
AUEIFJFC2V34,09:00,-0.791
CHEYZ7SRCBP5,09:00,0.0139
SEJD84U89YJ0,09:00,-0.6353
DEQX6GVWRDM5,09:00,0.3082
CAY4LYK83TQ5,09:00,-0.8584
JPL8OS9XTOG5,09:00,-0.4046
SE1W1HT7PZE9,09:00,-0.7296
FRZLAOI4E8X2,09:00,-0.432
CH7KZORQQFG9,09:00,0.2438
NL0EC14M2JA4,09:00,1.0
SEUX5QRL1N73,09:00,0.7488
FRUI1B0Z3NX2,09:00,0.5157
CH8E8LD4D6A2,09:00,0.4886
AU58C2JWOCL8,09:00,-0.8539
AU8W5RTWIYK3,09:00,-0.2234
GBPDW5PY6B24,09:00,0.9144
CANFTU2GC5W3,09:00,0.214
CH6FQJJA26Y2,09:00,0.4274
GBPMVXPJ4HN7,09:00,0.4263
GBIUU9K9XJU0,09:00,-0.6077
SE0361I2HGJ2,09:00,-0.723
GB6XLPU0DK02,09:00,-0.8167
FRET8T63J3R4,09:00,0.0082
CA2QC1IYYO48,09:00,-0.5765
CADOJEN0JNW5,09:00,-0.0649
GBYQW7LVXWQ4,09:00,-0.0595
AUEBB9EITNN8,09:00,0.2175
AUV05X4W7KY3,09:00,0.6856
CHQIN9N6XCJ1,09:00,-0.5019
CHDHX8BM92H8,09:00,-0.1138
FRV3I12VJ998,09:00,-0.9397
JP2D5EM2VAJ2,09:00,0.8681
AUS0R2SDS8B8,09:00,-0.4045
JPQ8CROYR6C1,09:00,-0.5141
GBAJI0Y6DPB3,10:00,-0.4539
FRSAHXTHV3A2,10:00,-0.0871
AUMF8MDD4V37,10:00,0.9754
NLE7CKW5NGC3,10:00,0.9324
JP945NQ4FMY1,10:00,0.0308
SEWTIQJ7YHL0,10:00,-0.0902
FR32OC6UZHR7,10:00,-0.5249
DEJIUJV6OH98,10:00,-0.396
CHDBDW2PCN98,10:00,-0.9033
JP84AZYTJXE6,10:00,-0.2299
DEQ85JSG65K8,10:00,-0.6122
SEHNF877VRE5,10:00,0.237
JPIIUC039TE7,10:00,0.3958
NLFSV871YZO5,10:00,0.5101
CH6QICATVAZ0,10:00,-0.3528
FRCBLSKRT059,10:00,0.4393
CHIRODXMO5B1,10:00,-0.0835
USOM5IGQPKI1,10:00,-0.7648
CH34DXTAD1I6,10:00,0.9734
CHR56FAO72K8,10:00,-0.2785
CHFK8UT0CVS8,10:00,-0.9165
DECS4CC5O7U9,10:00,0.3301
SEBCXULJYLJ2,10:00,-0.6188
JPQ77AWUDTS2,10:00,0.2935
CA55NF4ZW9X0,10:00,0.8168
NLKX7EEDTJV5,10:00,-0.5303
FRY4SJ6BW3B5,10:00,0.9387
DEWJ0TPAC568,10:00,-0.2928
US4UFEL62463,10:00,0.0705
FRYMU5907IF2,10:00,-0.9759
AUA0L7253J21,10:00,0.1522
AU54I3QK2IA3,10:00,0.1456
AUL58KXO9T71,10:00,0.4672
JPG8JDP0LVS6,10:00,-0.5619
SEGBPS3Y70H6,10:00,-0.387
GB87WXE6SYL4,10:00,-0.1845
NLEP7Y6WKTA4,10:00,0.2355
FRPUXQPHR622,10:00,0.9962
GBKXWD8IL3F0,10:00,0.6051
FR9W1Q5UZNO2,10:00,-0.8737
US6452H2ZQU1,10:00,0.2135
CHEQTUL1P366,10:00,-0.9146
NLQF5Q14J1R3,10:00,-0.5117
JPPZIM6CFNF3,10:00,0.4708
GBOLQC3O18A9,10:00,-0.3916
AUR7KO64T023,10:00,-0.362
CHHPBMYOFQE9,10:00,-0.7358
NLAOUAXEQBN3,10:00,-0.7112
CHL1N13JCAT5,10:00,-0.8987
FRX2X18HAFE1,10:00,-0.3696
SE8QJNV8Z2F4,10:00,1.0
GBU7U6N7HV33,10:00,0.322
GBZKY22UBTX1,10:00,-0.6041
NLXAPRPN6QF2,10:00,-0.2565
NL8J3TRP0J41,10:00,0.3673
JP5IQVNB4GH4,10:00,0.8086
CAKV5USGIOT3,10:00,0.7563
CHXR2DHYLUR8,10:00,0.9566
CAP0LZJJEGE8,10:00,0.4295
DEG0JV1V93K5,10:00,0.8175
DEKZEBBK7W11,10:00,-0.1647
USUQPGB7R3O1,10:00,-0.6675
SEWBFUK9E1V9,10:00,-0.7966
FR1N6KVPUC81,10:00,-0.4348
FRWJCITFOYQ0,10:00,0.4435
FRKK4CIJ2V23,10:00,0.6124
AUEIFJFC2V34,10:00,-0.6548
CHEYZ7SRCBP5,10:00,0.0597
SEJD84U89YJ0,10:00,-0.7446
DEQX6GVWRDM5,10:00,0.4477
CAY4LYK83TQ5,10:00,-0.9719
JPL8OS9XTOG5,10:00,-0.4784
SE1W1HT7PZE9,10:00,-0.7413
FRZLAOI4E8X2,10:00,-0.3012
CH7KZORQQFG9,10:00,0.2871
NL0EC14M2JA4,10:00,1.0
SEUX5QRL1N73,10:00,0.7159
FRUI1B0Z3NX2,10:00,0.4823
CH8E8LD4D6A2,10:00,0.3958
AU58C2JWOCL8,10:00,-0.8631
AU8W5RTWIYK3,10:00,-0.1313
GBPDW5PY6B24,10:00,0.8928
CANFTU2GC5W3,10:00,0.3555
CH6FQJJA26Y2,10:00,0.2821
GBPMVXPJ4HN7,10:00,0.2904
GBIUU9K9XJU0,10:00,-0.6976
SE0361I2HGJ2,10:00,-0.8373
GB6XLPU0DK02,10:00,-0.7364
FRET8T63J3R4,10:00,0.1504
CA2QC1IYYO48,10:00,-0.6751
CADOJEN0JNW5,10:00,-0.0354
GBYQW7LVXWQ4,10:00,-0.1065
AUEBB9EITNN8,10:00,0.1446
AUV05X4W7KY3,10:00,0.7616
CHQIN9N6XCJ1,10:00,-0.4983
CHDHX8BM92H8,10:00,-0.2387
FRV3I12VJ998,10:00,-1.0
JP2D5EM2VAJ2,10:00,0.7711
AUS0R2SDS8B8,10:00,-0.3061
JPQ8CROYR6C1,10:00,-0.4881
GBAJI0Y6DPB3,11:00,-0.3759
FRSAHXTHV3A2,11:00,-0.125
AUMF8MDD4V37,11:00,0.9462
NLE7CKW5NGC3,11:00,0.8472
JP945NQ4FMY1,11:00,0.1267
SEWTIQJ7YHL0,11:00,-0.1767
FR32OC6UZHR7,11:00,-0.4925
DEJIUJV6OH98,11:00,-0.2922
CHDBDW2PCN98,11:00,-0.9335
JP84AZYTJXE6,11:00,-0.1839
DEQ85JSG65K8,11:00,-0.6308
SEHNF877VRE5,11:00,0.2098
JPIIUC039TE7,11:00,0.3494
NLFSV871YZO5,11:00,0.4294
CH6QICATVAZ0,11:00,-0.2673
FRCBLSKRT059,11:00,0.3494
CHIRODXMO5B1,11:00,-0.1449
USOM5IGQPKI1,11:00,-0.7043
CH34DXTAD1I6,11:00,0.9672
CHR56FAO72K8,11:00,-0.3277
CHFK8UT0CVS8,11:00,-0.9638
DECS4CC5O7U9,11:00,0.2896
SEBCXULJYLJ2,11:00,-0.7237
JPQ77AWUDTS2,11:00,0.1593
CA55NF4ZW9X0,11:00,0.8714
NLKX7EEDTJV5,11:00,-0.448
FRY4SJ6BW3B5,11:00,0.8258
DEWJ0TPAC568,11:00,-0.2598
US4UFEL62463,11:00,0.218
FRYMU5907IF2,11:00,-1.0
AUA0L7253J21,11:00,0.1787
AU54I3QK2IA3,11:00,0.0561
AUL58KXO9T71,11:00,0.4801
JPG8JDP0LVS6,11:00,-0.4738
SEGBPS3Y70H6,11:00,-0.4484
GB87WXE6SYL4,11:00,-0.152
NLEP7Y6WKTA4,11:00,0.2717
FRPUXQPHR622,11:00,1.0
GBKXWD8IL3F0,11:00,0.718
FR9W1Q5UZNO2,11:00,-0.7943
US6452H2ZQU1,11:00,0.1495
CHEQTUL1P366,11:00,-0.8059
NLQF5Q14J1R3,11:00,-0.5328
JPPZIM6CFNF3,11:00,0.4367
GBOLQC3O18A9,11:00,-0.4663
AUR7KO64T023,11:00,-0.3742
CHHPBMYOFQE9,11:00,-0.7845
NLAOUAXEQBN3,11:00,-0.7716
CHL1N13JCAT5,11:00,-0.9594
FRX2X18HAFE1,11:00,-0.2366
SE8QJNV8Z2F4,11:00,1.0
GBU7U6N7HV33,11:00,0.2239
GBZKY22UBTX1,11:00,-0.7264
NLXAPRPN6QF2,11:00,-0.3875
NL8J3TRP0J41,11:00,0.256
JP5IQVNB4GH4,11:00,0.782
CAKV5USGIOT3,11:00,0.6968
CHXR2DHYLUR8,11:00,1.0
CAP0LZJJEGE8,11:00,0.3445
DEG0JV1V93K5,11:00,0.8986
DEKZEBBK7W11,11:00,-0.2101
USUQPGB7R3O1,11:00,-0.7413
SEWBFUK9E1V9,11:00,-0.8771
FR1N6KVPUC81,11:00,-0.4724
FRWJCITFOYQ0,11:00,0.308
FRKK4CIJ2V23,11:00,0.561
AUEIFJFC2V34,11:00,-0.7025
CHEYZ7SRCBP5,11:00,0.2074
SEJD84U89YJ0,11:00,-0.7495
DEQX6GVWRDM5,11:00,0.5684
CAY4LYK83TQ5,11:00,-0.849
JPL8OS9XTOG5,11:00,-0.5246
SE1W1HT7PZE9,11:00,-0.7484
FRZLAOI4E8X2,11:00,-0.3872
CH7KZORQQFG9,11:00,0.3316
NL0EC14M2JA4,11:00,1.0
SEUX5QRL1N73,11:00,0.7468
FRUI1B0Z3NX2,11:00,0.4286
CH8E8LD4D6A2,11:00,0.3264
AU58C2JWOCL8,11:00,-0.9952
AU8W5RTWIYK3,11:00,-0.2285
GBPDW5PY6B24,11:00,0.8957
CANFTU2GC5W3,11:00,0.441
CH6FQJJA26Y2,11:00,0.1584
GBPMVXPJ4HN7,11:00,0.1943
GBIUU9K9XJU0,11:00,-0.693
SE0361I2HGJ2,11:00,-0.7614
GB6XLPU0DK02,11:00,-0.7257
FRET8T63J3R4,11:00,0.1616
CA2QC1IYYO48,11:00,-0.7544
CADOJEN0JNW5,11:00,-0.1637
GBYQW7LVXWQ4,11:00,-0.0545
AUEBB9EITNN8,11:00,0.2778
AUV05X4W7KY3,11:00,0.7981
CHQIN9N6XCJ1,11:00,-0.5038
CHDHX8BM92H8,11:00,-0.2152
FRV3I12VJ998,11:00,-0.9812
JP2D5EM2VAJ2,11:00,0.798
AUS0R2SDS8B8,11:00,-0.2206
JPQ8CROYR6C1,11:00,-0.3689
GBAJI0Y6DPB3,12:00,-0.4505
FRSAHXTHV3A2,12:00,-0.1585
AUMF8MDD4V37,12:00,0.877
NLE7CKW5NGC3,12:00,0.9734
JP945NQ4FMY1,12:00,0.0011
SEWTIQJ7YHL0,12:00,-0.2495
FR32OC6UZHR7,12:00,-0.52
DEJIUJV6OH98,12:00,-0.407
CHDBDW2PCN98,12:00,-0.9592
JP84AZYTJXE6,12:00,-0.2407
DEQ85JSG65K8,12:00,-0.4917
SEHNF877VRE5,12:00,0.2572
JPIIUC039TE7,12:00,0.3995
NLFSV871YZO5,12:00,0.5376
CH6QICATVAZ0,12:00,-0.2841
FRCBLSKRT059,12:00,0.2056
CHIRODXMO5B1,12:00,-0.0679
USOM5IGQPKI1,12:00,-0.7288
CH34DXTAD1I6,12:00,1.0
CHR56FAO72K8,12:00,-0.2576
CHFK8UT0CVS8,12:00,-1.0
DECS4CC5O7U9,12:00,0.3075
SEBCXULJYLJ2,12:00,-0.8478
JPQ77AWUDTS2,12:00,0.1121
CA55NF4ZW9X0,12:00,0.7505
NLKX7EEDTJV5,12:00,-0.4861
FRY4SJ6BW3B5,12:00,0.804
DEWJ0TPAC568,12:00,-0.2454
US4UFEL62463,12:00,0.1316
FRYMU5907IF2,12:00,-0.8532
AUA0L7253J21,12:00,0.1311
AU54I3QK2IA3,12:00,0.1463
AUL58KXO9T71,12:00,0.4006
JPG8JDP0LVS6,12:00,-0.615
SEGBPS3Y70H6,12:00,-0.3807
GB87WXE6SYL4,12:00,-0.0516
NLEP7Y6WKTA4,12:00,0.3499
FRPUXQPHR622,12:00,1.0
GBKXWD8IL3F0,12:00,0.7544
FR9W1Q5UZNO2,12:00,-0.6737
US6452H2ZQU1,12:00,0.232
CHEQTUL1P366,12:00,-0.8982
NLQF5Q14J1R3,12:00,-0.4012
JPPZIM6CFNF3,12:00,0.3156
GBOLQC3O18A9,12:00,-0.499
AUR7KO64T023,12:00,-0.4794
CHHPBMYOFQE9,12:00,-0.6989
NLAOUAXEQBN3,12:00,-0.8872
CHL1N13JCAT5,12:00,-1.0
FRX2X18HAFE1,12:00,-0.1124
SE8QJNV8Z2F4,12:00,1.0
GBU7U6N7HV33,12:00,0.1726
GBZKY22UBTX1,12:00,-0.7591
NLXAPRPN6QF2,12:00,-0.3332
NL8J3TRP0J41,12:00,0.3061
JP5IQVNB4GH4,12:00,0.7977
CAKV5USGIOT3,12:00,0.7806
CHXR2DHYLUR8,12:00,1.0
CAP0LZJJEGE8,12:00,0.2079
DEG0JV1V93K5,12:00,0.9653
DEKZEBBK7W11,12:00,-0.0928
USUQPGB7R3O1,12:00,-0.639
SEWBFUK9E1V9,12:00,-0.7558
FR1N6KVPUC81,12:00,-0.5726
FRWJCITFOYQ0,12:00,0.2777
FRKK4CIJ2V23,12:00,0.4756
AUEIFJFC2V34,12:00,-0.7971
CHEYZ7SRCBP5,12:00,0.186
SEJD84U89YJ0,12:00,-0.7663
DEQX6GVWRDM5,12:00,0.5547
CAY4LYK83TQ5,12:00,-0.8701
JPL8OS9XTOG5,12:00,-0.3819
SE1W1HT7PZE9,12:00,-0.6498
FRZLAOI4E8X2,12:00,-0.2747
CH7KZORQQFG9,12:00,0.186
NL0EC14M2JA4,12:00,0.8511
SEUX5QRL1N73,12:00,0.666
FRUI1B0Z3NX2,12:00,0.3449
CH8E8LD4D6A2,12:00,0.3969
AU58C2JWOCL8,12:00,-1.0
AU8W5RTWIYK3,12:00,-0.1873
GBPDW5PY6B24,12:00,0.8299
CANFTU2GC5W3,12:00,0.3525
CH6FQJJA26Y2,12:00,0.0307
GBPMVXPJ4HN7,12:00,0.1031
GBIUU9K9XJU0,12:00,-0.7482
SE0361I2HGJ2,12:00,-0.8508
GB6XLPU0DK02,12:00,-0.6726
FRET8T63J3R4,12:00,0.2917
CA2QC1IYYO48,12:00,-0.642
CADOJEN0JNW5,12:00,-0.2544
GBYQW7LVXWQ4,12:00,-0.1415
AUEBB9EITNN8,12:00,0.3978
AUV05X4W7KY3,12:00,0.7298
CHQIN9N6XCJ1,12:00,-0.4719
CHDHX8BM92H8,12:00,-0.1888
FRV3I12VJ998,12:00,-0.892
JP2D5EM2VAJ2,12:00,0.6731
AUS0R2SDS8B8,12:00,-0.3273
JPQ8CROYR6C1,12:00,-0.3377
GBAJI0Y6DPB3,13:00,-0.4856
FRSAHXTHV3A2,13:00,-0.1038
AUMF8MDD4V37,13:00,0.7293
NLE7CKW5NGC3,13:00,0.8716
JP945NQ4FMY1,13:00,-0.0213
SEWTIQJ7YHL0,13:00,-0.2782
FR32OC6UZHR7,13:00,-0.6411
DEJIUJV6OH98,13:00,-0.3103
CHDBDW2PCN98,13:00,-0.998
JP84AZYTJXE6,13:00,-0.1284
DEQ85JSG65K8,13:00,-0.5648
SEHNF877VRE5,13:00,0.2905
JPIIUC039TE7,13:00,0.4578
NLFSV871YZO5,13:00,0.4912
CH6QICATVAZ0,13:00,-0.3725
FRCBLSKRT059,13:00,0.0871
CHIRODXMO5B1,13:00,0.0796
USOM5IGQPKI1,13:00,-0.5925
CH34DXTAD1I6,13:00,1.0
CHR56FAO72K8,13:00,-0.2367
CHFK8UT0CVS8,13:00,-0.9233
DECS4CC5O7U9,13:00,0.217
SEBCXULJYLJ2,13:00,-0.77
JPQ77AWUDTS2,13:00,0.1496
CA55NF4ZW9X0,13:00,0.839
NLKX7EEDTJV5,13:00,-0.5421
FRY4SJ6BW3B5,13:00,0.6757
DEWJ0TPAC568,13:00,-0.1873
US4UFEL62463,13:00,0.176
FRYMU5907IF2,13:00,-0.9269
AUA0L7253J21,13:00,0.0207
AU54I3QK2IA3,13:00,0.0367
AUL58KXO9T71,13:00,0.4079
JPG8JDP0LVS6,13:00,-0.7535
SEGBPS3Y70H6,13:00,-0.4964
GB87WXE6SYL4,13:00,-0.0877
NLEP7Y6WKTA4,13:00,0.221
FRPUXQPHR622,13:00,0.9288
GBKXWD8IL3F0,13:00,0.6773
FR9W1Q5UZNO2,13:00,-0.6125
US6452H2ZQU1,13:00,0.1025
CHEQTUL1P366,13:00,-0.7832
NLQF5Q14J1R3,13:00,-0.4652
JPPZIM6CFNF3,13:00,0.2463
GBOLQC3O18A9,13:00,-0.3824
AUR7KO64T023,13:00,-0.5307
CHHPBMYOFQE9,13:00,-0.729
NLAOUAXEQBN3,13:00,-0.8178
CHL1N13JCAT5,13:00,-1.0
FRX2X18HAFE1,13:00,-0.0072
SE8QJNV8Z2F4,13:00,0.8562
GBU7U6N7HV33,13:00,0.3091
GBZKY22UBTX1,13:00,-0.6488
NLXAPRPN6QF2,13:00,-0.2075
NL8J3TRP0J41,13:00,0.4506
JP5IQVNB4GH4,13:00,0.7273
CAKV5USGIOT3,13:00,0.9273
CHXR2DHYLUR8,13:00,0.8694
CAP0LZJJEGE8,13:00,0.1239
DEG0JV1V93K5,13:00,0.8251
DEKZEBBK7W11,13:00,-0.0354
USUQPGB7R3O1,13:00,-0.6723
SEWBFUK9E1V9,13:00,-0.6427
FR1N6KVPUC81,13:00,-0.6759
FRWJCITFOYQ0,13:00,0.3281
FRKK4CIJ2V23,13:00,0.345
AUEIFJFC2V34,13:00,-0.7297
CHEYZ7SRCBP5,13:00,0.2977
SEJD84U89YJ0,13:00,-0.8613
DEQX6GVWRDM5,13:00,0.4411
CAY4LYK83TQ5,13:00,-0.8578
JPL8OS9XTOG5,13:00,-0.2444
SE1W1HT7PZE9,13:00,-0.6957
FRZLAOI4E8X2,13:00,-0.1505
CH7KZORQQFG9,13:00,0.0446
NL0EC14M2JA4,13:00,0.8129
SEUX5QRL1N73,13:00,0.6086
FRUI1B0Z3NX2,13:00,0.2685
CH8E8LD4D6A2,13:00,0.3006
AU58C2JWOCL8,13:00,-1.0
AU8W5RTWIYK3,13:00,-0.1316
GBPDW5PY6B24,13:00,0.9689
CANFTU2GC5W3,13:00,0.3686
CH6FQJJA26Y2,13:00,-0.0956
GBPMVXPJ4HN7,13:00,0.092
GBIUU9K9XJU0,13:00,-0.7026
SE0361I2HGJ2,13:00,-0.9495
GB6XLPU0DK02,13:00,-0.6904
FRET8T63J3R4,13:00,0.3673
CA2QC1IYYO48,13:00,-0.7544
CADOJEN0JNW5,13:00,-0.2517
GBYQW7LVXWQ4,13:00,-0.2081
AUEBB9EITNN8,13:00,0.3123
AUV05X4W7KY3,13:00,0.6068
CHQIN9N6XCJ1,13:00,-0.4918
CHDHX8BM92H8,13:00,-0.2282
FRV3I12VJ998,13:00,-0.8721
JP2D5EM2VAJ2,13:00,0.5783
AUS0R2SDS8B8,13:00,-0.2291
JPQ8CROYR6C1,13:00,-0.268
GBAJI0Y6DPB3,14:00,-0.4303
FRSAHXTHV3A2,14:00,-0.2081
AUMF8MDD4V37,14:00,0.6404
NLE7CKW5NGC3,14:00,0.9592
JP945NQ4FMY1,14:00,-0.1455
SEWTIQJ7YHL0,14:00,-0.1991
FR32OC6UZHR7,14:00,-0.748
DEJIUJV6OH98,14:00,-0.4045
CHDBDW2PCN98,14:00,-1.0
JP84AZYTJXE6,14:00,-0.0622
DEQ85JSG65K8,14:00,-0.5639
SEHNF877VRE5,14:00,0.2252
JPIIUC039TE7,14:00,0.5972
NLFSV871YZO5,14:00,0.4612
CH6QICATVAZ0,14:00,-0.2979
FRCBLSKRT059,14:00,0.0294
CHIRODXMO5B1,14:00,0.1677
USOM5IGQPKI1,14:00,-0.6889
CH34DXTAD1I6,14:00,0.9929
CHR56FAO72K8,14:00,-0.2268
CHFK8UT0CVS8,14:00,-1.0
DECS4CC5O7U9,14:00,0.2347
SEBCXULJYLJ2,14:00,-0.726
JPQ77AWUDTS2,14:00,0.056
CA55NF4ZW9X0,14:00,0.7596
NLKX7EEDTJV5,14:00,-0.6784
FRY4SJ6BW3B5,14:00,0.6319
DEWJ0TPAC568,14:00,-0.3317
US4UFEL62463,14:00,0.0751
FRYMU5907IF2,14:00,-0.9029
AUA0L7253J21,14:00,0.1458
AU54I3QK2IA3,14:00,0.1081
AUL58KXO9T71,14:00,0.464
JPG8JDP0LVS6,14:00,-0.8848
SEGBPS3Y70H6,14:00,-0.5431
GB87WXE6SYL4,14:00,-0.13
NLEP7Y6WKTA4,14:00,0.0712
FRPUXQPHR622,14:00,0.9925
GBKXWD8IL3F0,14:00,0.66
FR9W1Q5UZNO2,14:00,-0.6348
US6452H2ZQU1,14:00,0.2301
CHEQTUL1P366,14:00,-0.7359
NLQF5Q14J1R3,14:00,-0.3638
JPPZIM6CFNF3,14:00,0.2542
GBOLQC3O18A9,14:00,-0.3531
AUR7KO64T023,14:00,-0.6421
CHHPBMYOFQE9,14:00,-0.641
NLAOUAXEQBN3,14:00,-0.7554
CHL1N13JCAT5,14:00,-0.9554
FRX2X18HAFE1,14:00,0.0861
SE8QJNV8Z2F4,14:00,0.8879
GBU7U6N7HV33,14:00,0.3658
GBZKY22UBTX1,14:00,-0.6354
NLXAPRPN6QF2,14:00,-0.2472
NL8J3TRP0J41,14:00,0.3395
JP5IQVNB4GH4,14:00,0.7075
CAKV5USGIOT3,14:00,0.8154
CHXR2DHYLUR8,14:00,0.9679
CAP0LZJJEGE8,14:00,0.2695
DEG0JV1V93K5,14:00,0.692
DEKZEBBK7W11,14:00,-0.1759
USUQPGB7R3O1,14:00,-0.6985
SEWBFUK9E1V9,14:00,-0.5791
FR1N6KVPUC81,14:00,-0.6868
FRWJCITFOYQ0,14:00,0.2241
FRKK4CIJ2V23,14:00,0.2621
AUEIFJFC2V34,14:00,-0.8538
CHEYZ7SRCBP5,14:00,0.278
SEJD84U89YJ0,14:00,-0.8053
DEQX6GVWRDM5,14:00,0.4381
CAY4LYK83TQ5,14:00,-0.7814
JPL8OS9XTOG5,14:00,-0.1643
SE1W1HT7PZE9,14:00,-0.5757
FRZLAOI4E8X2,14:00,-0.2158
CH7KZORQQFG9,14:00,0.0554
NL0EC14M2JA4,14:00,0.7725
SEUX5QRL1N73,14:00,0.7321
FRUI1B0Z3NX2,14:00,0.3699
CH8E8LD4D6A2,14:00,0.414
AU58C2JWOCL8,14:00,-1.0
AU8W5RTWIYK3,14:00,-0.1866
GBPDW5PY6B24,14:00,1.0
CANFTU2GC5W3,14:00,0.434
CH6FQJJA26Y2,14:00,-0.0286
GBPMVXPJ4HN7,14:00,0.2191
GBIUU9K9XJU0,14:00,-0.6689
SE0361I2HGJ2,14:00,-0.9716
GB6XLPU0DK02,14:00,-0.6579
FRET8T63J3R4,14:00,0.4425
CA2QC1IYYO48,14:00,-0.7287
CADOJEN0JNW5,14:00,-0.326
GBYQW7LVXWQ4,14:00,-0.2915
AUEBB9EITNN8,14:00,0.349
AUV05X4W7KY3,14:00,0.5736
CHQIN9N6XCJ1,14:00,-0.4423
CHDHX8BM92H8,14:00,-0.2748
FRV3I12VJ998,14:00,-0.7852
JP2D5EM2VAJ2,14:00,0.5594
AUS0R2SDS8B8,14:00,-0.1006
JPQ8CROYR6C1,14:00,-0.2834
GBAJI0Y6DPB3,15:00,-0.4187
FRSAHXTHV3A2,15:00,-0.16
AUMF8MDD4V37,15:00,0.7873
NLE7CKW5NGC3,15:00,0.9878
JP945NQ4FMY1,15:00,-0.2026
SEWTIQJ7YHL0,15:00,-0.243
FR32OC6UZHR7,15:00,-0.8457
DEJIUJV6OH98,15:00,-0.5328
CHDBDW2PCN98,15:00,-0.8861
JP84AZYTJXE6,15:00,-0.1466
DEQ85JSG65K8,15:00,-0.4417
SEHNF877VRE5,15:00,0.2787
JPIIUC039TE7,15:00,0.5052
NLFSV871YZO5,15:00,0.3449
CH6QICATVAZ0,15:00,-0.2262
FRCBLSKRT059,15:00,0.0535
CHIRODXMO5B1,15:00,0.1372
USOM5IGQPKI1,15:00,-0.7638
CH34DXTAD1I6,15:00,0.8938
CHR56FAO72K8,15:00,-0.1868
CHFK8UT0CVS8,15:00,-1.0
DECS4CC5O7U9,15:00,0.2952
SEBCXULJYLJ2,15:00,-0.826
JPQ77AWUDTS2,15:00,-0.0402
CA55NF4ZW9X0,15:00,0.7428
NLKX7EEDTJV5,15:00,-0.7095
FRY4SJ6BW3B5,15:00,0.6638
DEWJ0TPAC568,15:00,-0.2228
US4UFEL62463,15:00,0.0953
FRYMU5907IF2,15:00,-0.9237
AUA0L7253J21,15:00,0.0231
AU54I3QK2IA3,15:00,0.0327
AUL58KXO9T71,15:00,0.4403
JPG8JDP0LVS6,15:00,-0.978
SEGBPS3Y70H6,15:00,-0.6504
GB87WXE6SYL4,15:00,-0.1847
NLEP7Y6WKTA4,15:00,-0.0446
FRPUXQPHR622,15:00,1.0
GBKXWD8IL3F0,15:00,0.6434
FR9W1Q5UZNO2,15:00,-0.5059
US6452H2ZQU1,15:00,0.2162
CHEQTUL1P366,15:00,-0.7123
NLQF5Q14J1R3,15:00,-0.2681
JPPZIM6CFNF3,15:00,0.1792
GBOLQC3O18A9,15:00,-0.4379
AUR7KO64T023,15:00,-0.6413
CHHPBMYOFQE9,15:00,-0.7878
NLAOUAXEQBN3,15:00,-0.8534
CHL1N13JCAT5,15:00,-1.0
FRX2X18HAFE1,15:00,0.1245
SE8QJNV8Z2F4,15:00,0.8411
GBU7U6N7HV33,15:00,0.4338
GBZKY22UBTX1,15:00,-0.6736
NLXAPRPN6QF2,15:00,-0.3032
NL8J3TRP0J41,15:00,0.4805
JP5IQVNB4GH4,15:00,0.6727
CAKV5USGIOT3,15:00,0.9087
CHXR2DHYLUR8,15:00,1.0
CAP0LZJJEGE8,15:00,0.249
DEG0JV1V93K5,15:00,0.5518
DEKZEBBK7W11,15:00,-0.227
USUQPGB7R3O1,15:00,-0.5516
SEWBFUK9E1V9,15:00,-0.7237
FR1N6KVPUC81,15:00,-0.7535
FRWJCITFOYQ0,15:00,0.3612
FRKK4CIJ2V23,15:00,0.3007
AUEIFJFC2V34,15:00,-0.8626
CHEYZ7SRCBP5,15:00,0.2111
SEJD84U89YJ0,15:00,-0.8092
DEQX6GVWRDM5,15:00,0.4024
CAY4LYK83TQ5,15:00,-0.6711
JPL8OS9XTOG5,15:00,-0.3026
SE1W1HT7PZE9,15:00,-0.6525
FRZLAOI4E8X2,15:00,-0.1213
CH7KZORQQFG9,15:00,-0.0676
NL0EC14M2JA4,15:00,0.7242
SEUX5QRL1N73,15:00,0.7437
FRUI1B0Z3NX2,15:00,0.3859
CH8E8LD4D6A2,15:00,0.4377
AU58C2JWOCL8,15:00,-1.0
AU8W5RTWIYK3,15:00,-0.2212
GBPDW5PY6B24,15:00,0.9839
CANFTU2GC5W3,15:00,0.3364
CH6FQJJA26Y2,15:00,0.0975
GBPMVXPJ4HN7,15:00,0.1754
GBIUU9K9XJU0,15:00,-0.7857
SE0361I2HGJ2,15:00,-1.0
GB6XLPU0DK02,15:00,-0.6221
FRET8T63J3R4,15:00,0.5304
CA2QC1IYYO48,15:00,-0.6506
CADOJEN0JNW5,15:00,-0.4362
GBYQW7LVXWQ4,15:00,-0.2893
AUEBB9EITNN8,15:00,0.4245
AUV05X4W7KY3,15:00,0.5775
CHQIN9N6XCJ1,15:00,-0.3094
CHDHX8BM92H8,15:00,-0.394
FRV3I12VJ998,15:00,-0.8425
JP2D5EM2VAJ2,15:00,0.5965
AUS0R2SDS8B8,15:00,-0.2298
JPQ8CROYR6C1,15:00,-0.2104
GBAJI0Y6DPB3,16:00,-0.2872
FRSAHXTHV3A2,16:00,-0.055
AUMF8MDD4V37,16:00,0.7976
NLE7CKW5NGC3,16:00,1.0
JP945NQ4FMY1,16:00,-0.3509
SEWTIQJ7YHL0,16:00,-0.1845
FR32OC6UZHR7,16:00,-0.9424
DEJIUJV6OH98,16:00,-0.5965
CHDBDW2PCN98,16:00,-0.7592
JP84AZYTJXE6,16:00,-0.0539
DEQ85JSG65K8,16:00,-0.3293
SEHNF877VRE5,16:00,0.31
JPIIUC039TE7,16:00,0.5547
NLFSV871YZO5,16:00,0.3544
CH6QICATVAZ0,16:00,-0.2358
FRCBLSKRT059,16:00,0.1919
CHIRODXMO5B1,16:00,0.0389
USOM5IGQPKI1,16:00,-0.8318
CH34DXTAD1I6,16:00,0.7662
CHR56FAO72K8,16:00,-0.1619
CHFK8UT0CVS8,16:00,-0.9413
DECS4CC5O7U9,16:00,0.341
SEBCXULJYLJ2,16:00,-0.7148
JPQ77AWUDTS2,16:00,-0.1568
CA55NF4ZW9X0,16:00,0.8306
NLKX7EEDTJV5,16:00,-0.7693
FRY4SJ6BW3B5,16:00,0.609
DEWJ0TPAC568,16:00,-0.2862
US4UFEL62463,16:00,0.0757
FRYMU5907IF2,16:00,-1.0
AUA0L7253J21,16:00,0.0237
AU54I3QK2IA3,16:00,0.1349
AUL58KXO9T71,16:00,0.4476
JPG8JDP0LVS6,16:00,-1.0
SEGBPS3Y70H6,16:00,-0.7089
GB87WXE6SYL4,16:00,-0.2221
NLEP7Y6WKTA4,16:00,-0.0638
FRPUXQPHR622,16:00,0.932
GBKXWD8IL3F0,16:00,0.4985
FR9W1Q5UZNO2,16:00,-0.5597
US6452H2ZQU1,16:00,0.2132
CHEQTUL1P366,16:00,-0.8564
NLQF5Q14J1R3,16:00,-0.2109
JPPZIM6CFNF3,16:00,0.3252
GBOLQC3O18A9,16:00,-0.2888
AUR7KO64T023,16:00,-0.6072
CHHPBMYOFQE9,16:00,-0.9113
NLAOUAXEQBN3,16:00,-0.8369
CHL1N13JCAT5,16:00,-0.9873
FRX2X18HAFE1,16:00,0.156
SE8QJNV8Z2F4,16:00,0.7296
GBU7U6N7HV33,16:00,0.3725
GBZKY22UBTX1,16:00,-0.6312
NLXAPRPN6QF2,16:00,-0.3821
NL8J3TRP0J41,16:00,0.529
JP5IQVNB4GH4,16:00,0.774
CAKV5USGIOT3,16:00,0.7797
CHXR2DHYLUR8,16:00,1.0
CAP0LZJJEGE8,16:00,0.3654
DEG0JV1V93K5,16:00,0.4765
DEKZEBBK7W11,16:00,-0.1299
USUQPGB7R3O1,16:00,-0.4142
SEWBFUK9E1V9,16:00,-0.7152
FR1N6KVPUC81,16:00,-0.6517
FRWJCITFOYQ0,16:00,0.2748
FRKK4CIJ2V23,16:00,0.2249
AUEIFJFC2V34,16:00,-0.948
CHEYZ7SRCBP5,16:00,0.3494
SEJD84U89YJ0,16:00,-0.7804
DEQX6GVWRDM5,16:00,0.519
CAY4LYK83TQ5,16:00,-0.7872
JPL8OS9XTOG5,16:00,-0.3867
SE1W1HT7PZE9,16:00,-0.7973
FRZLAOI4E8X2,16:00,-0.1607
CH7KZORQQFG9,16:00,-0.1851
NL0EC14M2JA4,16:00,0.6551
SEUX5QRL1N73,16:00,0.62
FRUI1B0Z3NX2,16:00,0.4768
CH8E8LD4D6A2,16:00,0.5504
AU58C2JWOCL8,16:00,-1.0
AU8W5RTWIYK3,16:00,-0.3293
GBPDW5PY6B24,16:00,0.9019
CANFTU2GC5W3,16:00,0.4831
CH6FQJJA26Y2,16:00,0.1867
GBPMVXPJ4HN7,16:00,0.2321
GBIUU9K9XJU0,16:00,-0.6777
SE0361I2HGJ2,16:00,-0.8771
GB6XLPU0DK02,16:00,-0.5488
FRET8T63J3R4,16:00,0.5628
CA2QC1IYYO48,16:00,-0.7133
CADOJEN0JNW5,16:00,-0.5399
GBYQW7LVXWQ4,16:00,-0.4088
AUEBB9EITNN8,16:00,0.431
AUV05X4W7KY3,16:00,0.5994
CHQIN9N6XCJ1,16:00,-0.3398
CHDHX8BM92H8,16:00,-0.3407
FRV3I12VJ998,16:00,-0.8777
JP2D5EM2VAJ2,16:00,0.5092
AUS0R2SDS8B8,16:00,-0.3058
JPQ8CROYR6C1,16:00,-0.3179
GBAJI0Y6DPB3,17:00,-0.2904
FRSAHXTHV3A2,17:00,-0.1033
AUMF8MDD4V37,17:00,0.7862
NLE7CKW5NGC3,17:00,1.0
JP945NQ4FMY1,17:00,-0.4019
SEWTIQJ7YHL0,17:00,-0.0578
FR32OC6UZHR7,17:00,-1.0
DEJIUJV6OH98,17:00,-0.5708
CHDBDW2PCN98,17:00,-0.6927
JP84AZYTJXE6,17:00,-0.0016
DEQ85JSG65K8,17:00,-0.2429
SEHNF877VRE5,17:00,0.4562
JPIIUC039TE7,17:00,0.4562
NLFSV871YZO5,17:00,0.2048
CH6QICATVAZ0,17:00,-0.2265
FRCBLSKRT059,17:00,0.1669
CHIRODXMO5B1,17:00,0.0272
USOM5IGQPKI1,17:00,-0.81
CH34DXTAD1I6,17:00,0.688
CHR56FAO72K8,17:00,-0.1877
CHFK8UT0CVS8,17:00,-0.966
DECS4CC5O7U9,17:00,0.4356
SEBCXULJYLJ2,17:00,-0.6497
JPQ77AWUDTS2,17:00,-0.1579
CA55NF4ZW9X0,17:00,0.9429
NLKX7EEDTJV5,17:00,-0.8716
FRY4SJ6BW3B5,17:00,0.5594
DEWJ0TPAC568,17:00,-0.3163
US4UFEL62463,17:00,0.0954
FRYMU5907IF2,17:00,-0.9569
AUA0L7253J21,17:00,-0.0565
AU54I3QK2IA3,17:00,0.0619
AUL58KXO9T71,17:00,0.3194
JPG8JDP0LVS6,17:00,-1.0
SEGBPS3Y70H6,17:00,-0.7807
GB87WXE6SYL4,17:00,-0.2106
NLEP7Y6WKTA4,17:00,-0.0063
FRPUXQPHR622,17:00,0.855
GBKXWD8IL3F0,17:00,0.5716
FR9W1Q5UZNO2,17:00,-0.4107
US6452H2ZQU1,17:00,0.362
CHEQTUL1P366,17:00,-0.7666
NLQF5Q14J1R3,17:00,-0.0614
JPPZIM6CFNF3,17:00,0.2227
GBOLQC3O18A9,17:00,-0.2079
AUR7KO64T023,17:00,-0.5767
CHHPBMYOFQE9,17:00,-0.9239
NLAOUAXEQBN3,17:00,-0.7946
CHL1N13JCAT5,17:00,-1.0
FRX2X18HAFE1,17:00,0.2215
SE8QJNV8Z2F4,17:00,0.5934
GBU7U6N7HV33,17:00,0.4228
GBZKY22UBTX1,17:00,-0.5045
NLXAPRPN6QF2,17:00,-0.4948
NL8J3TRP0J41,17:00,0.6093
JP5IQVNB4GH4,17:00,0.7277
CAKV5USGIOT3,17:00,0.7362
CHXR2DHYLUR8,17:00,0.9853
CAP0LZJJEGE8,17:00,0.5065
DEG0JV1V93K5,17:00,0.4446
DEKZEBBK7W11,17:00,-0.119
USUQPGB7R3O1,17:00,-0.4732
SEWBFUK9E1V9,17:00,-0.7984
FR1N6KVPUC81,17:00,-0.6128
FRWJCITFOYQ0,17:00,0.1601
FRKK4CIJ2V23,17:00,0.3715
AUEIFJFC2V34,17:00,-0.8053
CHEYZ7SRCBP5,17:00,0.3863
SEJD84U89YJ0,17:00,-0.7697
DEQX6GVWRDM5,17:00,0.4633
CAY4LYK83TQ5,17:00,-0.7606
JPL8OS9XTOG5,17:00,-0.3557
SE1W1HT7PZE9,17:00,-0.8118
FRZLAOI4E8X2,17:00,-0.2548
CH7KZORQQFG9,17:00,-0.0548
NL0EC14M2JA4,17:00,0.6011
SEUX5QRL1N73,17:00,0.6145
FRUI1B0Z3NX2,17:00,0.4457
CH8E8LD4D6A2,17:00,0.4073
AU58C2JWOCL8,17:00,-1.0
AU8W5RTWIYK3,17:00,-0.2945
GBPDW5PY6B24,17:00,0.9777
CANFTU2GC5W3,17:00,0.4147
CH6FQJJA26Y2,17:00,0.2822
GBPMVXPJ4HN7,17:00,0.2799
GBIUU9K9XJU0,17:00,-0.7028
SE0361I2HGJ2,17:00,-0.7703
GB6XLPU0DK02,17:00,-0.4073
FRET8T63J3R4,17:00,0.4454
CA2QC1IYYO48,17:00,-0.8583
CADOJEN0JNW5,17:00,-0.4557
GBYQW7LVXWQ4,17:00,-0.3169
AUEBB9EITNN8,17:00,0.3651
AUV05X4W7KY3,17:00,0.5039
CHQIN9N6XCJ1,17:00,-0.3145
CHDHX8BM92H8,17:00,-0.2978
FRV3I12VJ998,17:00,-0.827
JP2D5EM2VAJ2,17:00,0.4875
AUS0R2SDS8B8,17:00,-0.368
JPQ8CROYR6C1,17:00,-0.3286
